{"cameraMode":{"drawMode":0,"name":"Shaded","section":"Shading Mode"},"sceneLighting":false,"audioPlay":false,"sceneViewState":{"showFog":true,"showMaterialUpdate":true,"showSkybox":false,"showFlares":true,"showImageEffects":true,"showParticleSystems":true},"in2DMode":false,"pivot":{"x":27.753028869628908,"y":43.60755920410156,"z":87.2358169555664},"rotation":{"x":0.056687384843826297,"y":0.6754762530326843,"z":-0.052002061158418658,"w":0.7334122657775879},"size":27.85239028930664,"orthographic":false}