{"cameraMode":{"drawMode":0,"name":"Shaded","section":"Shading Mode"},"sceneLighting":false,"audioPlay":false,"sceneViewState":{"showFog":true,"showMaterialUpdate":true,"showSkybox":false,"showFlares":true,"showImageEffects":true,"showParticleSystems":true},"in2DMode":false,"pivot":{"x":29.241052627563478,"y":4.990414619445801,"z":0.00898180902004242},"rotation":{"x":0.00832423660904169,"y":-0.6986046433448792,"z":0.008651181124150753,"w":0.7155163288116455},"size":0.9089152216911316,"orthographic":false}