{"cameraMode":{"drawMode":0,"name":"Shaded","section":"Shading Mode"},"sceneLighting":true,"audioPlay":false,"sceneViewState":{"showFog":true,"showMaterialUpdate":true,"showSkybox":true,"showFlares":true,"showImageEffects":true,"showParticleSystems":true},"in2DMode":false,"pivot":{"x":-11.910430908203125,"y":6.708717346191406,"z":133.44985961914063},"rotation":{"x":-0.1132439598441124,"y":0.8787164688110352,"z":-0.25998568534851076,"w":-0.384194016456604},"size":214.21441650390626,"orthographic":false}