{"cameraMode":{"drawMode":0,"name":"Shaded","section":"Shading Mode"},"sceneLighting":false,"audioPlay":false,"sceneViewState":{"showFog":true,"showMaterialUpdate":true,"showSkybox":false,"showFlares":true,"showImageEffects":true,"showParticleSystems":true},"in2DMode":false,"pivot":{"x":30.995399475097658,"y":0.23854738473892213,"z":-1.3799649477005005},"rotation":{"x":-0.005607506260275841,"y":-0.9477858543395996,"z":-0.01572214998304844,"w":0.3186480700969696},"size":3.4442150592803957,"orthographic":false}