{"cameraMode":{"drawMode":0,"name":"Shaded","section":"Shading Mode"},"sceneLighting":true,"audioPlay":false,"sceneViewState":{"showFog":true,"showMaterialUpdate":true,"showSkybox":true,"showFlares":true,"showImageEffects":true,"showParticleSystems":true},"in2DMode":false,"pivot":{"x":136.68807983398438,"y":21.002426147460939,"z":-349.8250732421875},"rotation":{"x":0.043001800775527957,"y":-0.8701721429824829,"z":0.07721924036741257,"w":0.48477551341056826},"size":360.39276123046877,"orthographic":false}