{"cameraMode":{"drawMode":0,"name":"Shaded","section":"Shading Mode"},"sceneLighting":false,"audioPlay":false,"sceneViewState":{"showFog":true,"showMaterialUpdate":true,"showSkybox":false,"showFlares":true,"showImageEffects":true,"showParticleSystems":true},"in2DMode":false,"pivot":{"x":39.79890823364258,"y":1.1807727813720704,"z":0.8152494430541992},"rotation":{"x":-0.11692851036787033,"y":-0.5343140363693237,"z":0.07490880787372589,"w":-0.8338440656661987},"size":40.010372161865237,"orthographic":false}