{"cameraMode":{"drawMode":0,"name":"Shaded","section":"Shading Mode"},"sceneLighting":true,"audioPlay":false,"sceneViewState":{"showFog":true,"showMaterialUpdate":true,"showSkybox":true,"showFlares":true,"showImageEffects":true,"showParticleSystems":true},"in2DMode":false,"pivot":{"x":-76.03958129882813,"y":3.7462964057922365,"z":-108.66382598876953},"rotation":{"x":0.029114939272403718,"y":-0.945461094379425,"z":0.08818462491035462,"w":0.3122374713420868},"size":355.2421875,"orthographic":false}