{"cameraMode":{"drawMode":0,"name":"Shaded","section":"Shading Mode"},"sceneLighting":true,"audioPlay":false,"sceneViewState":{"showFog":true,"showMaterialUpdate":true,"showSkybox":true,"showFlares":true,"showImageEffects":true,"showParticleSystems":true},"in2DMode":false,"pivot":{"x":-238.58462524414063,"y":-265.06201171875,"z":-143.76138305664063},"rotation":{"x":0.2224937081336975,"y":-0.7325239181518555,"z":0.28274211287498476,"w":0.5780764222145081},"size":950.5477905273438,"orthographic":false}