{"cameraMode":{"drawMode":0,"name":"Shaded","section":"Shading Mode"},"sceneLighting":true,"audioPlay":false,"sceneViewState":{"showFog":true,"showMaterialUpdate":true,"showSkybox":true,"showFlares":true,"showImageEffects":true,"showParticleSystems":true},"in2DMode":false,"pivot":{"x":-1160.0347900390625,"y":-77.02874755859375,"z":544.5850830078125},"rotation":{"x":0.06846366077661514,"y":-0.5301907658576965,"z":0.043128613382577899,"w":0.8440741896629334},"size":1873.6640625,"orthographic":false}